{"cameraMode":{"drawMode":0,"name":"Shaded","section":"Shading Mode"},"sceneLighting":true,"audioPlay":false,"sceneViewState":{"m_AlwaysRefresh":false,"showFog":true,"showSkybox":true,"showFlares":true,"showImageEffects":true,"showParticleSystems":true,"showVisualEffectGraphs":true,"m_FxEnabled":true},"in2DMode":false,"pivot":{"x":-2.5616872310638429,"y":5.671537399291992,"z":-13.783117294311524},"rotation":{"x":-0.13633401691913606,"y":-0.027825409546494485,"z":0.0038080739323049785,"w":-0.9902924299240112},"size":0.1156182661652565,"orthographic":false}